|title|description|url
0|"<span class=""myAdTitle"">Pilnie sprzedam mieszkanie </span>"|"<div class=""description"" data-phone-mask=""false""><span class=""pre"" style=""font-family: inherit; white-space: pre-wrap;""><p></p><p>Pilnie sprzedam bezpośrednio mieszkanie
do remontu, w malowniczej miejscowości Wieliszew  przy ul. Modlińskiej</p>
<p>O powierzchni 63,5m^ w którego w skład
wchodzą  4 pokoje oddzielna kuchnia, Łazienka
i toaleta. Do mieszkania przynależy również piwnica około 7m^Mieszkanie własnościowe mieści się na
parterze w niskim bloku dwupiętrowym  z przynależącym do niego dużym  balkonem, miejsca parkingowe znajdują się
przed blokiem,</p>
<p>W mieszkaniu są wymienione
okna na pcv  </p>
<p>W pobliżu znajdują się:<br/>
urząd gminy, poczta, place zabaw dla dzieci,
przedszkole, szkoła podstawowa, biblioteka, ośrodek zdrowia, apteka, szpital,
komenda policji, sklepy spożywcze.<br/>
Odległość do Zalewu Zegrzyńskiego (ok. 1,5 km)
sprzyja miłośnikom uprawiania sportów wodnych i odpoczynku nad wodą.<br/>
Trasa pieszo rowerowa Wieliszew Zegrze w
odległości 1km.<br/>
Przystanek autobusowy w odległości 200, autobusy
lokalne którymi dojedziemy do Legionowa czy Serocka.<br/>
W niedalekiej przyszłości (pod koniec 2022r.)
planowanie stacja PKP w odległości ok. 1,7km, a stacja SKM w odległości 4km.</p>
<p>Serdecznie zapraszam do
kontaktu.</p><br/></span></div>"|https://www.gumtree.pl/a-mieszkania-i-domy-sprzedam-i-kupie/legionowo/pilnie-sprzedam-mieszkanie/10010659083811013010738309
1|"<span class=""myAdTitle"">46m2 NOWE 2 pokojowe / BLISKO METRA BRÓDNO, Kondratowicza </span>"|"<div class=""description"" data-phone-mask=""false""><span class=""pre"" style=""font-family: inherit; white-space: pre-wrap;""><p>Sprzedam BEZPOŚREDNIO, NOWE mieszkanie 2 pokojowe w NOWEJ inwestycji - <b>Apartamenty</b> <b>Ostródzka</b> <b>w Warszawie ( okolice ul. Skarbka z Gór/Berensona) </b>o łącznej powierzchni 46m2 w STANIE DEVELOPERSKIM, do własnej aranżacji.</p><p>Nowe osiedle położone jest równorzędnie do ul. <b>GŁĘBOCKA</b>, na wysokości os. Derby/ naprzeciwko Biedronki.</p><p><b>GOTOWE/ODDANE MIESZKANIE !!</b></p><p>Mieszkanie usytuowane jest na <b>I piętrze - JEST WINDA</b></p><p>Bardzo ładny rozkład mieszkania.</p><p>Osiedle MONITOROWANE, bezpieczne.</p><p>Strony świata: <b>południowa.</b></p><p>W kilkanaście minut można przenieść się do niemal nietkniętej przez cywilizację Puszczy Słupeckiej.W bezpośrednim sąsiedztwie osiedla funkcjonują restauracje, sklepy, przedszkola, żłobki i szkoły podstawowe. W promieniu 10 minut znajduje się Atrium Targówek, Bliskość Trasy Toruńskiej (7 minut), przystanki autobusowe tuż przy osiedlu. Blisko <b>Metro BRÓDNO - 10 min !!!</b></p><p><b>Cena mieszkania 425 000 zł + garaż 35 000 zł</b></p><p><b>OGŁOSZENIE POCHODZI BEZPOŚREDNIO OD WŁAŚCICIELA MIESZKANIA !!!</b></p><p><b>W przypadku zainteresowania proszę o tel. 797 229 799</b></p><p><b>AGENCJOM, dziękuję - proszę NIE dzwonić !!!</b></p></span></div>"|https://www.gumtree.pl/a-mieszkania-i-domy-sprzedam-i-kupie/bialoleka/46m2-nowe-2-pokojowe-blisko-metra-brodno-kondratowicza/10010659560331010473269709
2|"<span class=""myAdTitle"">Mieszkanie 35m2| PARTER | Miejsce postojowe </span>"|"<div class=""description"" data-phone-mask=""false""><span class=""pre"" style=""font-family: inherit; white-space: pre-wrap;"">Prezentuję Państwu kawalerkę w super lokalizacji przy Placu Szembeka z widokiem na fontanny!<br/><br/><br/>Opis mieszkania:<br/>Nieruchomość o powierzchni 35m2 usytuowana jest na parterze 2 piętrowego budynku z cegły. Lokal wykończony pod indywidualne potrzeby i preferencje z dominującą neutralną kolorystyką. Na podłogach znajdziemy parkiet w świetnej kondycji i klasyczny gres. Okna PCV z zamontowanymi roletami zewnętrznymi, wymieniona instalacja elektryczna. Lokal widny, rozkładowy z ekspozycją okien na południowy wschód.<br/>Ogromną zaletą tego mieszkania jest widok na park fontann i zachowana duża przestrzeń pomiędzy budynkami, co daje poczucie przestrzeni i komfort niezaglądania sobie w okna, tak bardzo upragniony na nowych osiedlach.<br/><br/>Na powierzchnię składają się:<br/> Pokój <br/> Kuchnia z oknem<br/> Przedpokój<br/> Łazienka<br/><br/>Do mieszkania przynależy piwnica (ok. 3m2).<br/>Istnieje możliwość parkowania auta na zamkniętym terenie przy budynku!<br/><br/>Stan prawny<br/>Mieszkanie stanowi odrębną własność i posiada KW, istnieje możliwość zakupu na kredyt. Pomagamy we wszystkich formalnościach!<br/><br/><br/>Lokalizacja<br/>Mieszkanie położone jest przy placu Szembeka. Doskonała oferta dla osób ceniących sobie komfort oraz doskonałą lokalizację. Kameralne osiedle oraz pełna infrastruktura handlowa, usługowa i gastronomiczna w najbliższym sąsiedztwie, tworzą pozytywną energię tego wyjątkowego miejsca. Nieruchomość położona jest w miejscu z doskonałą komunikacją.<br/><br/>Serdecznie zapraszam na prezentację!<br/><br/>W celu uzyskania większej ilości informacji proszę o kontakt telefoniczny<br/>7 dni w tygodniu, w godzinach 8:00-20:00.<br/><br/>Pozdrawiam<br/>Malwina Wołoszyn<br/>Doradca ds. Nieruchomości<br/>PROPERTON<br/>Telefon : 601 255 970<br/><br/><i>Numer oferty w biurze: 892702</i><br/>Lokalizacja: Mazowieckie, Warszawa, Praga Południe, Ks. Jana Sztuki<br/><br/>Ogłoszenie dodane za pomocą Trimo.pro</span></div>"|https://www.gumtree.pl/a-mieszkania-i-domy-sprzedam-i-kupie/praga-poludnie/mieszkanie-35m2-parter-miejsce-postojowe/10010659786381012922340109
3|"<span class=""myAdTitle"">OKAZJA-Dwupoziomowe do remontu 96m+20m gratis </span>"|"<div class=""description"" data-phone-mask=""false""><span class=""pre"" style=""font-family: inherit; white-space: pre-wrap;"">Sprzedaż bezpośrednia, agencjom dziękuję, proszę o nietelefonowanie !!!
Jeśli szukasz dużego mieszkania do remontu o dobrej lokalizacji i atrakcyjnej cenie, ta oferta jest dla Ciebie
Mieszkanie położone na drugim piętrze trzypiętrowego budynku (cegła) przy  ul. Szklanych Domów 7
Bardzo dobra lokalizacja nieruchomości w pobliżu Ronda Wiatraczna (węzeł komunikacyjny), do ścisłego Centrum można dojechać w kilkanaście minut.
W pobliżu nieruchomości pełna infrastruktura szkoły, przedszkole, sklepy, wszystko co potrzebne jest do życia.
- mieszkanie ma dwa poziomy: dolny poziom ok. 54 m2, górny ok.42m2
- stan aktualny : 5 pokoi , oddzielna kuchnia, 2 łazienki
- pomieszczenie użytkowe niewliczone w powierzchnię mieszkania ok. 20m2
- balkon  
- mieszkanie dwustronne
- piwnica
- pełna własność z Księgą Wieczystą
Mieszkanie  ma ogromny potencjał aranżacyjny, można je dowolnie przeprojektować. 
Jest wiele możliwych projektów zmiany układu pomieszczeń, a przy przearanżowaniu pomieszczenia użytkowego  uzyskujemy dodatkowy pokój i ok 20m2  powierzchni  mieszkalnej.
Zapraszam bezpośrednio zainteresowanych.
Piotr 518266170 
<div><br/></div></span></div>"|https://www.gumtree.pl/a-mieszkania-i-domy-sprzedam-i-kupie/praga-poludnie/okazja+dwupoziomowe-do-remontu-96m%252B20m-gratis/10010659720211011303030709
4|"<span class=""myAdTitle"">WOLA - 62 m2 - 3 POKOJE - PO REMONCIE - DUŻA LOGGIA - BLISKO RONDA DASZYŃSKIEGO - CH KLIF </span>"|"<div class=""description"" data-phone-mask=""false""><span class=""pre"" style=""font-family: inherit; white-space: pre-wrap;""><p>Atrakcyjne 3-pokojowe mieszkanie o pow. 62,18 m2 na pograniczu Woli i Śródmieścia w sąsiedztwie ul. Dzielnej i niedaleko ul. Okopowej. Mieszkanie jest po generalnym remoncie, przeprowadzonym w lato 2020 r.. Znajduje się w bloku z 1993 r., na piętrze 1/9 z usytuowaniem na południowy-wschód. <br/>Mieszkanie posiada m.in.: dużą loggię z przeszkleniem, przestronny salon i drewnianą podłogę w bardzo dobrym stanie.<br/>Jest możliwość wynajęcia miejsca parkingowego na terenie ogrodzonym, należącym do Spółdzielni za miesięczną opłatą w wysokości 10 zł za 1 miesiąc.<br/><br/><u>W cenie jest piwnica o pow. 2 m2!</u><br/><br/>Mieszkanie składa się z aneksu kuchennego w zabudowie z pełnym AGD (lodówka, zmywarka, piekarnik, płyta indukcyjna, okap kuchenny), połączonego z salonem. Pierwotnie kuchnia była oddzielna, z wejściem od przedpokoju. Kuchnia ok. 8 m2.</p><p>Salon (ok. 17 m2) z sofą oraz z wyjściem na loggię.<br/>Dwa oddzielne, zamykane pokoje o pow. ok. 11 m2 i 12 m2.<br/>Łazienka wyposażona jest w prysznic, umywalkę i pralkę. Osobne WC z umywalką.<br/>W przedpokoju znajduje się komoda oraz 1-drzwiowa szafa wnękowa.<br/>Świetna lokalizacja w pobliżu przystanków autobusowych, tramwajowych oraz niedaleko stacji metra ""RONDO DASZYŃSKIEGO"".<br/>W okolicy znajdują się liczne sklepy, supermarkety, centrum handlowe ""KLIF"", centrum handlowe Westfield Arkadia oraz wiele innych pkt. usługowo-handlowych.<br/><b><br/><u>Cena 730.000 PLN.<br/>Czynsz adm. wynosi 680 PLN / 4 osoby. (w tym zaliczka na media, opłata za parkinG).</u></b></p><p><u><b><br/>Mieszkanie bez księgi wieczystej.<br/>Zakup obecnie tylko za gotówkę.<br/><br/><u>Grunt jest nieuregulowany.<br/>W październiku 2021 r. został złożony wniosek do Sądu w celu uregulowania stanu prawnego gruntu pod budynkiem.</u></b></u></p><p><u><b><br/></b></u></p><p><u><b><br/></b></u></p><p><u><b>Damian Żygoń</b></u></p><p><u><b>InSpace Nieruchomości</b></u></p><p><u><b>tel.: 535 002 865</b></u></p><p><u><b><br/></b></u></p><p><u><b>*Jako biuro nieruchomości pobieramy od Kupującego jednorazową prowizję w wysokości 1,23% brutto od ceny transakcyjnej.*</b></u></p></span></div>"|https://www.gumtree.pl/a-mieszkania-i-domy-sprzedam-i-kupie/wola/wola-+-62-m2-+-3-pokoje-+-po-remoncie-+-duza-loggia-+-blisko-ronda-daszynskiego-+-ch-klif/10010659720251010468739609
5|"<span class=""myAdTitle"">Zadbane mieszkanie 50m2 - 3 pokojowe z balkonem </span>"|"<div class=""description"" data-phone-mask=""false""><span class=""pre"" style=""font-family: inherit; white-space: pre-wrap;"">Sprzedam 3 pokojowe mieszkanie
zlokalizowane na 2 piętrze, w bloku wybudowanym w 2010 roku na zamkniętym osiedlu w Pruszkowie przy ulicy Broniewskiego. Mieszkanie jest w pełni wyposażone z aneksem kuchennym (lodówka, zmywarka, piekarnik, płyta gazowa, mikrofala). Miejsce parkingowe pod klatką w zawiera się w cenie mieszkania.

Możliwość sprzedania z meblami.</span></div>"|https://www.gumtree.pl/a-mieszkania-i-domy-sprzedam-i-kupie/pruszkow/zadbane-mieszkanie-50m2-+-3-pokojowe-z-balkonem/1009782379220912909818809
6|"<span class=""myAdTitle"">Dom w zabudowie bliźniaczej na Zielonej Białołęce </span>"|"<div class=""description"" data-phone-mask=""false""><span class=""pre"" style=""font-family: inherit; white-space: pre-wrap;"">| 
Do sprzedania dom na Warszawskiej Białołęce w zabudowie bliźniaczej. 
Łączna powierzchnia działki wynosi 1000m2 po 500m2 na każdy dom. 
Miejsce to jest idealne dla osób ceniących sobie spokój i bliskość natury. 
Dodatkowym atutem jest dogodna lokalizacja na pięknej i zielonej Białołęce. 
 
Projekt domu to nowoczesna architektura i funkcjonalne wnętrze. 
Pomieszczenia w lokalach są rozmieszczone zgodnie z naturalnym podziałem każdej kondygnacji. 
Otwarta strefa dzienna płynnie komunikuje się z tarasem, który idealnie powiększa przestrzeń wypoczynkową na parterze. 
Duża ilość naturalnego światła wpada do środka domu dzięki licznym przeszkleniom. 
Kształt kuchni umożliwia zaaranżowanie wyspy co stworzy idealną strefę do przygotowania smacznych i zdrowych posiłków. 
Spiżarnia znajdująca się pod schodami zwiększy funkcjonalność kuchni. 
Pokój na parterze może posłużyć za sypialnie lub gabinet 
Na kondygnacji tej znajduje się łazienka z prysznicem. 
W kotłowni jest miejsce na stworzenie pralni, stąd też mamy dostęp do garażu. 
 
Pomysłowo zaprojektowane poddasze to idealna strefa nocna dla domowników. 
Znajdują się tam cztery pokoje oraz widną łazienkę. 
Z dwóch pokoi jest wyjście na wspólny balkon. 
Główna sypialnia mieści się nad garażem i ma prywatną łazienkę i garderobę. 
Projekt ten jest praktyczny i funkcjonalny. 
 
Zapraszam do kontaktu. 
Zaprezentujemy Wam piękną, funkcjonalną i wyjątkową nieruchomość jedyną w swoim rodzaju w tej lokalizacji. 
 
Dom w stanie surowym zamkniętym na tym etapie z możliwością własnej aranżacji. 
 
::DODATKOWE INFORMACJE | 
Parking strzeżony (odległość w metrach) [m]: 1000 | 
Prąd: na działce | 
Gaz: na działce | 
Woda: na działce | 
Dojazd: asfalt | 
Otoczenie: działki zabudowane | 
Ogrzewanie: brak | 
Kanalizacja: na działce | 
Nadaje się na biuro: TAK | 
Komunikacja publ.: autobus miejski | 
Odległość do komunikacji publicznej [m]: 300 | 
Odl. do sklepu [m]: 400 | 
Odl. do szkoły [m]: 600 | 
Odl. do przedszkola [m]: 600 | 
Opłaty wg liczników: gaz, prąd, woda | 
Okna: aluminium | 
Balkon: duży | 
Liczba balkonów: 1 | 
Tarasy: taras duży | 
Liczba tarasów: 1 | 
Powierzchnia balkonów/tarasów [m2]: 30 | 
Powierzchnia ogródka [m2]: 18,5300 | 
Wymiary działki [m]: 32x32 | 
Zagosp. działki: częściowo zagospodarowana | 
Ukształtowanie działki: płaska | 
Kształt działki: kwadrat | 
Rodzaj domu: bliźniak | 
Stan wybudowania: Stan surowy zamknięty | 
Typ elewacji: styropian | 
Pokrycie dachu: blachodachówka | 
Powierzchnia użytkowa [m2]: 165 | 
Stan budynku: do wykończenia | 
Podpiwniczenie: nie | 
Garaż: w budynku | 
Ogrodzenie działki: częściowo ogrodzona | 
Grunt utwardzany: TAK | 
Rok budowy: 2021 | 
Liczba pokoi: 6 | 
Wysokość pomieszczeń [m]: 3 | 
Liczba sypialni: 5 | 
Powierzchnia pokoi [m2]: 88 | 
Wystawa okien - pokoje : Zach, Wsch, Pd, Pn | 
Typ kuchni: aneks kuchenny - połączony z salonem | 
Rodzaj kuchni: bez zabudowy | 
Powierzchnia kuchni [m2]: 9 | 
Wystawa okien - kuchnia: Zach, Wsch | 
Typ łazienki: razem z wc, z oknem | 
Liczba łazienek: 3 | 
Powierzchnia łazienki [m2]: 12,6 | 
Wystawa okien - łazienka : Zach, Wsch | 
Liczba WC: 3 | 
Powierzchnia WC: 12,6 | 
Wystawa okien WC: Zach, Wsch | 
Liczba przedpokoi: 3 | 
Powierzchnia przedpokoi [m2]: 18,7 | 


::LINK DO STRONY | 
http://www.warszawa.aspect.info.pl/oferta.aspx?id=993498

::KONTAKT DO AGENTA | 
Mariusz Turek | 
+48 533 648 404 | 
mariuszturek@aspect.info.pl

::DANE BIURA | 
Aspect Nieruchomości - Warszawa Targówek | 
ATM JK sp. z o.o. | 
Łodygowa 3 | 
03-687 Warszawa | 
+48 533 550 888 | 
www.warszawa.aspect.info.pl

 |<br/><br/><i>Numer oferty w biurze: ASB-DS-43005</i><br/>Lokalizacja: Mazowieckie, Warszawa, Białołęka<br/><br/>Ogłoszenie dodane za pomocą Trimo.pro</span></div>"|https://www.gumtree.pl/a-mieszkania-i-domy-sprzedam-i-kupie/bialoleka/dom-w-zabudowie-blizniaczej-na-zielonej-bialolece/10010659750901011437540209
7|"<span class=""myAdTitle"">Błonie PASS, 3pokojowe,60m, balkon,I piętro, przy parku, i przystanku,po częściowym odnowieniu. </span>"|"<div class=""description"" data-phone-mask=""false""><span class=""pre"" style=""font-family: inherit; white-space: pre-wrap;""><p>Agencja doMi Błonie ul. Warszawska 20 tel. 22 731 88 88</p><p>Błonie okolice, mieszkania na sprzedaż. Do sprzedaży duże słoneczne mieszkanie w graniczącej z Błoniem miejscowości Pass. Mieszkanie mieści się w starszej części osiedla mieszkaniowego w pobliżu pięknego rozlokowanego w środkowej części miejscowości parku przy Pałacu Pass. Blok powstał około roku 1980 , ale w ostatnich latach staraniem Wspólnoty Mieszkaniowej przeszedł termomodernizację, ma nową elewację zewnętrzną i odnowioną klatkę schodową. Mieszkanie mieści się na I piętrze (czyli drugiej kondygnacji z trzech ). Mieszkanie ma powierzchnię 60,10 mkw. Są tu trzy oddzielne pokoje z oknami w układzie wschód- zachód, więc mieszkanie jest bardzo słoneczne (We wszystkich oknach przeciwsłoneczne rolety). Największy pokój ma duże okno tarasowe z wyjściem na niewielki balkon (troszkę większy niż typu francuskiego) z wygodną suszarką do ubrań chętnie wykorzystywaną przez Właścicieli w okresie lata. Dwa pozostałe pokoje pełniły do niedawna funkcję sypialni. Kuchnia jest oddzielna, z kompletem szafek i niedużym stolikiem jadalnianym z krzesełkami. Obok łazienka z narożną wanną, umywalką i toaletą. Mieszkanie częściowo odnowione. W przedpokoju szafa wnękowa z suwanymi lustrzanymi drzwiami i podwieszany sufit z ledowym podświetleniem. Ściany przedpokoju także ozdobnie wykończone. Podobnie jest w jednej z sypialni, gdzie jedna ze ścian została pokryta specjalną, ciekawą. tapetą. Aby jednak mieszkanie nabrało w pełni nowoczesnego wyglądu wymaga jeszcze wykonania kilku prac. Na podłogach w pokojach są panele, Przedpokój ma podłogę wykończoną nowoczesnymi płytkami szkliwionego gresu. Mieszkanie pozbawione jest umeblowania, pozostały tylko meble kuchenne oraz karnisze i firanki.  Mieszkanie to odrębna własność z księgą wieczystą i udziałem w gruncie. Mieszkanie jest bardzo ekonomiczne. Ogrzewanie jest tu z własnego (prawie nowego) pieca dwufunkcyjnego gazowego. Czynsz wynosi 280zł (przy zarejestrowanych czterech osobach mieszkających, czynsz zawiera opłatę za wywóz śmieci). Świetna lokalizacja: bardzo blisko przystanek autobusowy, dwa sklepy. Wokół osiedla mieszkaniowego rozlokowane jest centrum logistyczne , zatem praca jest tu na miejscu, bez dojazdów. Polecamy!</p><p>OPIEKUN OFERTY: MARZANNA tel. 607 666 766</p><p>Agencja doMi : tel 22 731 88 88</p></span></div>"|https://www.gumtree.pl/a-mieszkania-i-domy-sprzedam-i-kupie/blonie/blonie-pass-3pokojowe-60m-balkon-i-pietro-przy-parku-i-przystanku-po-czesciowym-odnowieniu/10010062582141010468641209
8|"<span class=""myAdTitle"">Słoneczne mieszkanie na Starym Mokotowie.  </span>"|"<div class=""description"" data-phone-mask=""false""><span class=""pre"" style=""font-family: inherit; white-space: pre-wrap;""><p>Piękne, rozkładowe mieszkanie dwustronne, w cichej okolicy o powierzchni 57,53 m2. Bezpośrednio od właściciela. 2, ustawne pokoje (16,34 m2 i 17,78 m2; miejsce na szafy wnękowe), kuchnia (10.38 m2) z widokiem na zielone podwórze, łazienka z wanną (4,70 m2). Oryginalny parkiet drewniany - naturalne dębowe drewno w pokojach i na korytarzu. Wysokie sufity (2.81 m). Przestronny korytarz z osobnym wejściem do każdego pokoju, kuchni i łazienki.</p><p><br/></p><p>Mieszkanie znajduje się na drugim piętrze, w 3-piętrowej  kamienicy. W budynku znajdują się biura o nieuciążliwej działaności (kancelarie prawne). Nowa elewacja od ul. Kazimierzowskiej + domofon. Założona księga wieczysta do lokalu. Uregulowane prawo do gruntów i części wspólnej budynku (wspólnota mieszkaniowa). Budynek z 1951 roku, cegła, grube ściany. Drzewa po obu stronach od ulicy Kazimierzowskiej. </p><p><br/></p><p>Idealne na wynajem lub pod inwestycje (np. kancelaria prawna). Lokal znajduje się 5 minut pieszo od metra Pole Mokotowskie. W odległości spacerowej usytuowane są miejsca rekreacji: Pole Mokotowskie, Łazienki Królewskie, Park Morskie Oko, Ogród Jordanowski, kilka kin, teatrów. Ok 5 minut pieszo od SGH, 7 m. od SGGW. 10 minut rowerem od kampusu na Banacha (WUM i szpitala na Wołoskiej). Przed domem ścieżka rowerowa. W pobliżu znajdują się również liczne kluby studenckie, akademiki uczelni i miejsca kultowe życia studenckiego. Doskonała infrastruktura handlowo-usługowa (w tym Promenada). Bezproblemowa komunikacja ze wszystkimi częściami Warszawy: metro, tramwaje (niesłyszalne z mieszkania przy ul Puławskiej i al. Niepodległości), liczne przystanki autobusowe. W ramach programu miasta, dodatkowo doświetlone przejścia dla pieszych. Na rogu kamienicy jest sklep osiedlowy.</p><p><br/></p><p>W pobliżu wiele szkół, przedszkoli, żłobków. </p><p></p><p>Do mieszkania przynależy duża piwnica o powierzchni: 2m / 4 m. </p><p><br/></p><p>Mieszkanie zadbane, do ewentualnego remontu.</p><p>Trwają konsultacje odnośnie rozszerzenia strefy płatnego parkowania o ul. Kazimierzowską - dla mieszkańców pozwolenia. </p><p><br/></p><p>Cena 920,480 zł. Tylko bezpośredni kontakt osób zainteresowanych z właścicielem.  </p><p>+48 574 094 426</p><p>sobiecki.pr@gmail.com</p><p><br/></p><p>POŚREDNIKOM DZIĘKUJEMY! Agentów prosimy o czytanie tej ostatniej  informacji ze zrozumieniem.</p></span></div>"|https://www.gumtree.pl/a-mieszkania-i-domy-sprzedam-i-kupie/mokotow/sloneczne-mieszkanie-na-starym-mokotowie/10010659692501010517661809
9|"<span class=""myAdTitle"">ZAMIENIE MIESZKANIE  </span>"|"<div class=""description"" data-phone-mask=""false""><span class=""pre"" style=""font-family: inherit; white-space: pre-wrap;"">Zamienię piękne mieszkanie własnościowe z rozliczeniem na komunalne.. Duży pokój z wyjściem na taras 10 M2 , widna kuchnia, bardzo ładna duża łazienka, przedpokój, piwnica ,osiedle ogrodzone strzeżone, dookoła las, cisza,spokój, supemakiety w okolicy ,kontakt 698 077 917 Marzena .....Szukam mieszkanie komunalne w Warszawie do 42 M2 .</span></div>"|https://www.gumtree.pl/a-mieszkania-i-domy-sprzedam-i-kupie/bialoleka/zamienie-mieszkanie/10010658326801010661958309
10|"<span class=""myAdTitle"">Bezpośrednio 2 pokoje po remoncie Powiśle, Górnośląska </span>"|"<div class=""description"" data-phone-mask=""false""><span class=""pre"" style=""font-family: inherit; white-space: pre-wrap;""><p>Sprzedam bezpośrednio piękne mieszkanie 29 metrów na warszawskim Powiślu- ul. Górnośląska. Mieszkanie ciche, jasne, dużo okien. 2 piętro, blok po ociepleniu, winda, przestronne klatki, miłe sąsiedztwo. </p><p>Mieszkanie składa się z: salonu z balkonem, małej, ale komfortowej sypialni, łazienki, przedpokoju z miejscem na szafę oraz oddzielnej i w pełni wyposażonej kuchni (zmywarka, piekarnik, lodówka). Po generalnym remoncie: wymieniona elektryka, gładzie na ścianach, nowe grzejniki, plastikowe okna, pełne wyposażenie. Grunty uregulowane, KW bez obciążeń, można kredytować. Biura nieruchomości zapraszam tylko z klientem.</p></span></div>"|https://www.gumtree.pl/a-mieszkania-i-domy-sprzedam-i-kupie/srodmiescie/bezposrednio-2-pokoje-po-remoncie-powisle-gornoslaska/10010659121441011127091109
11|"<span class=""myAdTitle"">Designerskie 3-pok. po gen. remoncie, METRO Bródno </span>"|"<div class=""description"" data-phone-mask=""false""><span class=""pre"" style=""font-family: inherit; white-space: pre-wrap;"">Sprzedaż bezpośrednia, agencjom dziękuję, proszę o nietelefonowanie !!!
Sprzedam piękne 3 – pokojowe mieszkanie położone na parterze czteropiętrowego 
budynku (ul. Łojewska 5)
Nieruchomość po generalnym remoncie według projektu i  pod nadzorem architekta.
Nowe drzwi, podłogi, grzejniki,  nowa instalacja elektryczna, oświetlenie, gładzie gipsowe na
ścianach, nowa kuchnia jednym słowem Nowe Mieszkanie.
MIESZKANIE PACHNĄCE NOWOŚCIĄ , OD CZASU REMONTU NIKT W NIM NIE MIESZKAŁ.
- powierzchnia 42m2
- 3 pokoje, oddzielna widna kuchnia, łazienka, oddzielne WC
- mieszkanie ciche, jasne, dwustronne
- świetnie skomunikowane : autobusy (200m),tramwaj (500m)
- stacja metra 500m (zakończenie prac 06/2022)
- w okolicy liczne sklepy, przedszkole, szkoły, basen ,wszystko co potrzebne do życia 
- wokół dużo zieleni
- duża piwnica
- grunty uregulowane : pełna własność z Księgą Wieczystą bez obciążeń
JEŚLI MASZ SWOJE MIESZKANIE (każde : do remontu ,mniejsze ,większe etc.), CHCESZ KUPIĆ WIĘKSZE, CHĘTNIE SPRZEDAM CI MOJE MIESZKANIE, A TWOJE KUPIĘ W ROZLICZENIU
Serdecznie zapraszam do kontaktu 
           Piotr 518266170
<div><br/></div></span></div>"|https://www.gumtree.pl/a-mieszkania-i-domy-sprzedam-i-kupie/targowek/designerskie-3+pok-po-gen-remoncie-metro-brodno/10010658849981011303030709
12|"<span class=""myAdTitle"">Bliźniak,Otwock-Świder,działka 1300mkw </span>"|"<div class=""description"" data-phone-mask=""false""><span class=""pre"" style=""font-family: inherit; white-space: pre-wrap;""><p>KUPUJĄCY NIE PŁACI PROWIZJI,PROWIZJĘ POKRYWA SPRZEDAJĄCY</p>
<p>Do sprzedania nieruchomość gruntowa,  zlokalizowana w Świdrze przy ul. Jana Pawła
II. Działka w kształcie prostokąta o powierzchni 1300mkw i wymiarach 43,33m x
30m. Nieruchomość zabudowana budynkiem bliźniaczym o powierzchni całkowitej
2x282mkw i powierzchni użytkowej 2x140mkw.Budynek z 1990 roku w stanie surowym
otwartym. </p>
<p>Budynek 3-kondygnacyjny,każda połowa bliźniaka to:</p>
<p>-piwnica: garaż, kotłownia, pomieszczenie gospodarcze</p>
<p>-parter: pokój dzienny, jadalnia, kuchnia, wc, garderoba,
hall</p>
<p>-piętro: trzy sypialnie, przedpokój, łazienka</p>
<p>Media (gaz, woda, prąd) w ulicy dojazdowej (wybrukowana nową
kostką).</p>
<p>Działka ogrodzona parkanem i siatką. Możliwość podziału
działki.</p>
<p>Dogodny punkt komunikacyjny – do stacji PKP Świder około
200m.W najbliższej okolicy przedszkole (około 300m),szkoła podstawowa (około
500m),Top Market (około 250m).</p>
<p> </p>
<p>Kontakt do pośrednika:</p>
<p>Tel.503 495 293</p><p><br/><br/></p><p><br/></p></span></div>"|https://www.gumtree.pl/a-mieszkania-i-domy-sprzedam-i-kupie/otwock/blizniak-otwock+swider-dzialka-1300mkw/10010659261281012810762709
13|"<span class=""myAdTitle"">Sprzedam bez pośredników przestronne, jasne M4 </span>"|"<div class=""description"" data-phone-mask=""false""><span class=""pre"" style=""font-family: inherit; white-space: pre-wrap;""><p>Sprzedam bezpośrednio mieszkanie o powierzchni 61 m2, położone na I piętrze w kameralnym, trzypiętrowym bloku. Mieszkanie przestronne, jasne i ciche, o wygodnym rozkładzie.</p><p></p><p>W skład mieszkania wchodzą:</p><p>salon 19 m2 z wyjściem na loggię (ok. 6m2) – widok na cichy, zielony skwer wewnątrz osiedla</p><p>pokój (sypialnia) 12 m2</p><p>łazienka (ok. 3 m2) z wanną</p><p>oddzielna toaleta (z zabudowaną pralką)</p><p>kuchnia (9 m2) z jadalnią (11 m2) –możliwość łatwego wyodrębnienia z jadalni trzeciego pokoju.</p><p></p><p>Do mieszkania przynależy piwnica (ok 6m); w budynku jest też możliwość korzystania ze wspólnej suszarni.</p><p></p><p>Mieszkanie dwustronne, z ekspozycją wschód (salon, sypialnia) – zachód (kuchnia, jadalnia),dobrze doświetlone o każdej porze dnia. Podwójne drzwi, okna wymienione na plastikowe, budynek po termomodernizacji –mieszkanie jest ciche i ciepłe. Wejście do wszystkich pomieszczeń z holu w centralnym punkcie mieszkania. W holu szafa z przesuwnymi drzwiami. Podłogi w pokojach wykonane są z naturalnego drewna (do odświeżenia).</p><p></p><p>Kuchenka zasilana gazem ziemnym z sieci miejskiej (koszt gazu wliczony jest w czynsz). Liczniki wody i gazu z odczytem radiowym.</p><p></p><p>W mieszkaniu zostaje: zabudowa kuchni, lodówka, szafa w zabudowie w przedpokoju.</p><p></p><p>Mieszkanie w stanie do zamieszkania. Mieszkanie jest obecnie wynajmowane (z możliwością przedłużenia wynajmu przez nowych właścicieli).</p><p></p><p>Spokojne sąsiedztwo. Przy budynku dostępne miejsca parkingowe; dojazd do budynku wewnętrznymi drogami osiedlowymi</p><p>W bezpośrednim sąsiedztwie szkoła, przedszkole, ośrodek zdrowia – cała niezbędna infrastruktura.</p><p></p><p>Mieszkanie w atrakcyjnej lokalizacji: bardzo dobry i szybki dojazd do centrum i innych części miasta zarówno samochodem, jak i komunikacją miejską (w pobliżu przystanki autobusowe). Łatwy dojazd do trasy Warszawa-Kraków-Łódź.</p><p></p><p>Cena do negocjacji.</p><p></p><p>Za oferty agencji dziękuję.</p></span></div>"|https://www.gumtree.pl/a-mieszkania-i-domy-sprzedam-i-kupie/radom/sprzedam-bez-posrednikow-przestronne-jasne-m4/10010659261531013006488409
14|"<span class=""myAdTitle"">Atrakcyjne dwupokojowe mieszkanie po remoncie - Marysin Wawerski </span>"|"<div class=""description"" data-phone-mask=""false""><span class=""pre"" style=""font-family: inherit; white-space: pre-wrap;"">Sprzedaż bezpośrednia, proszę o nie kontaktowanie się pośredników.<br/><br/><br/><br/>Nowoczesne dwupokojowe mieszkanie na sprzedaż, po generalnym remoncie, piętro 1 w 4 piętrowym budynku przy ul. Króla Maciusia.<br/><br/><br/><br/>Wymieniona elektryka, nowe okna PCV, drzwi wejściowe, dosłownie wszystko zrobione od zera.<br/><br/><br/><br/>Salon z wyjściem na balkon, na podłodze panele.<br/><br/>Oddzielna umeblowana kuchnia, meble kuchenne zaprojektowane i wykonane na wymiar, lodówka w zabudowie, piekarnik, płyta grzewcza, zmywarka w zabudowie, sufit podwieszany z oświetleniem LED.<br/>Sypialnia panele na podłodze panele.<br/><br/><br/><br/>WC około 3m2, WC typu geberit, prysznic, pralka, umywalka, glazura, terakota.<br/><br/><br/><br/>Do mieszkania przynależy piwnica.<br/><br/><br/><br/>Świetna okolica, cicha i spokojna, niedaleko ZTM, około 3 minuty pieszo do kolejki miejskiej SKM, w pobliżu piekarnia Grzybki, szkoła, bazarek, kościół.<br/><br/><br/><br/>Blisko las w sam raz na niedzielne spacery.<br/><br/><br/><br/>tel. 575-089-271﻿</span></div>"|https://www.gumtree.pl/a-mieszkania-i-domy-sprzedam-i-kupie/wawer/atrakcyjne-dwupokojowe-mieszkanie-po-remoncie-+-marysin-wawerski/10010659443831012540280209
15|"<span class=""myAdTitle"">Mieszkanie 3 pokoje - praga południe- bezpośrednio- od zaraz! </span>"|"<div class=""description"" data-phone-mask=""false""><span class=""pre"" style=""font-family: inherit; white-space: pre-wrap;"">Trzypokojowe mieszkanie położone na siódmym piętrze dziesięciopiętrowego budynku z panoramicznym widokiem na centrum Warszawy.

Mieszkanie o łącznej powierzchni 64m2, w skład którego wchodzą:
- salon - 18m2- zorientowany na zachód, z wyjściem na balkon osłonięty przesuwną zabudową szklaną
- oddzielna kuchnia - 8m2 -  (układ mieszkania pozwala na wyburzenie ściany i połączenie salonu z kuchnią)
- sypialnia 1 - 11m2
- sypialnia 2 - 11m2
- łazienka 
- toaleta (układ mieszkania pozwala na rearanżację i połączenie łazienki z toaletą w jeden pokój kąpielowy)
- przestronny hol z miejscem na szafy

Mieszkanie spółdzielcze własnościowe.

Mieszkanie trzystronne, okna PCV wychodzą na północ (kuchnia), wschód (sypialnia 1) i zachód (sypialnia 2 i salon). Ogrzewanie i woda z sieci miejskiej. Do mieszkania przynależy piwnica.

LOKALIZACJA:

Bardzo dobrze rozwinięta sieć handlowo-usługowa. W pobliżu centrum handlowe Szembeka, Lidl, Kauflad, , Biedronka, centrum handowe Promenada, Drogeria Rossmann, stacja paliw.

Okolica sprzyja spacerom i wycieczkom rowerowym: w promieniu 100m znajduje się Park Znicza, oraz Jezioro Balaton 750m. 

KOMUNIKACJA:

Do przystanku autobusowego 1 min pieszo, tramwajowego 5 min pieszo (plac Szembeka)

Dojazd do centrum zajmie ok. 15min samochodem, a transportem publicznym ok. 25 min. Do metra politechnika 15 min transportem publicznym.</span></div>"|https://www.gumtree.pl/a-mieszkania-i-domy-sprzedam-i-kupie/praga-poludnie/mieszkanie-3-pokoje-+-praga-poludnie+-bezposrednio+-od-zaraz/10010658643011013010742109
16|"<span class=""myAdTitle"">Mieszkanie W-wa Zacisze (ul.Topazowa) </span>"|"<div class=""description"" data-phone-mask=""false""><span class=""pre"" style=""font-family: inherit; white-space: pre-wrap;""><p>Oferujemy na sprzedaż bardzo ładne 3-pokojowe mieszkanie o wysokim standardzie wykończenia, położone na 4 piętrze w 4 piętrowym bloku.<br/><br/>Nieruchomość znajduje się w kameralnym, strzeżonym osiedlu w bardzo dobrej lokalizacji - spokojna okolica warszawskiego Zacisza.<br/><br/>Mieszkanie dodatkowo posiada balkon oraz przestronny taras.<br/><br/>W bloku jest winda oraz miejsce parkingowe znajdujące się pod budynkiem.<br/><br/>Cena za mieszkanie wraz z miejscem parkingowym wynosi 845.000. złotych.</p><p><br/></p><p>Oferta nr.10069</p><p><br/></p><p>Biuro Obrotu Nieruchomościami ZACISZE</p><p>www.biuronieruchomoscizacisze.pl</p></span></div>"|https://www.gumtree.pl/a-mieszkania-i-domy-sprzedam-i-kupie/targowek/mieszkanie-w+wa-zacisze-ul-topazowa/10010099146981010470902909
17|"<span class=""myAdTitle"">Rozkładowe 3-pokojowe mieszkanie na Mokotowie (ul. Arbuzowa) </span>"|"<div class=""description"" data-phone-mask=""false""><span class=""pre"" style=""font-family: inherit; white-space: pre-wrap;"">Ładne, rozkładowe 3 pokojowe mieszkanie na zielonym osiedlu (os. 
Arbuzowa) na I piętrze. Składa się z trzech oddzielnych pokoi, kuchni z 
oknem, łazienki z wanną i oddzielnego WC. Mieszkanie jasne i ciepłe, 
dwustronne. Do salonu przynależy duży balkon z widokiem na zieleń i 
malowniczy przepływający w pobliżu Potok Służewiecki.. W łazience wanna i
 umywalka. Z korytarza jest wejście do wszystkich pomieszczeń (bez pokoi
 przechodnich). Na podłogach (oprócz kuchni , łazienki i WC) parkiet. 
Okna PCV. Budynki niskie 3 piętrowe, oddalone od siebie dzięki czemu 
zachowana jest prywatność.Na osiedlu dużo zieleni. Dobra komunikacja: 
kilka przystanków do Metra Wilanowska, blisko (1 przystanek) do ulicy 
Sobieskiego, skąd kursują autobusy  m.in .w str. Łazienek, dalej Stare 
Miasto i Bielany (116), metra Politechnika i Centrum (522). Ok. 5 min 
zajmuje dojazd do uroczego Parku i Pałacu w Wilanowie. Dzięki 
Południowej Obwodnicy Warszawy i wybudowaniu nowego mostu na wysokości 
Wilanowa, dojazd na druga stronę Wisły (do dzielnicy Wawer) zajmuje ok. 
15 min. <br/>Mieszkanie obecnie wynajmowane i urządzone inaczej niż widać
 na zdjęciach. Wymaga remontu typu: wymiana instalacji elektr., 
cyklinowania parkietów, remontu łazienki, WC i balkonu, odmalowania itp.<br/><p><br/></p></span></div>"|https://www.gumtree.pl/a-mieszkania-i-domy-sprzedam-i-kupie/mokotow/rozkladowe-3+pokojowe-mieszkanie-na-mokotowie-ul-arbuzowa/10010659288931010862570409
18|"<span class=""myAdTitle"">Budynek-usługowo mieszkalny </span>"|"<div class=""description"" data-phone-mask=""false""><span class=""pre"" style=""font-family: inherit; white-space: pre-wrap;""><p>Budynek-usługowo mieszkalny , znajdujący sie na działce ,  którą  oznaczono w miejscowym planie zagospodarowania przestrzennego jako teren usług z dopuszczeniem zabudowy mieszkalnej . Wg planu istnieje jeszcze  możliwość zabudowania działki której powierzchnia wynosi 2800 m2 ...</p><p>Budynek o powierzchni ponad 1300 m2. Początek budowy lata 90 , ukończony i  odebrany częściowo w 2010 . Materiał cegła , hala 2 i 3 kondygnacja  pustak , całość ocieplona styropianem , poddasze wełną mineralna .  Budynek składa sie z 2 części : biurowo socjalnej (mieszkalnej 4  kondygnacje) i przemysłowej (hali  3 kondygnacje ) . Każda z   kondygnacji części mieszkalnej ma   ~100 m2  , na pierwszej znajdują się  pomieszczenia socjalne : duża stołówka , przebieralnia , łazienka z  prysznicami , druga kondygnacja to biuro , poczekalnia , łazienki i  pokój z widokiem na halę  , 3 kondygnacja w stanie surowym , nie  wykończona , 4 to wysokie poddasze również do adaptacji . Część  przemysłowa składa się głównie z 3 hal przemysłowych , pierwsza  znajdująca się na parterze ma wysokość 5 m ,  środkowa 3 m , najwyższa  2,5 . Przy budowie wzmocniono strop 2 kondygnacji 750 kg/m2  i 3  kondygnacji 1000 kg/m2 ..</p><p>Ogrzewanie przepracowanym olejem lub olejem opałowym , brak kanalizacji,. </p><p>Ze względu na konstrukcję budynek może być wykorzystywany jako usługowy  produkcyjny lub magazynowy . Wykonane są wszystkie badania i spełnione  normy dotyczące budynków przemysłowych (sanepid , bhp , ppoż ,  energetyka). KONTAKT ;kom.603957495 , e-mail : bogdan.limba@wp.pl ,  oferta nr 22/1952/DS ,licencja nr 3379.</p><p><br/></p><p><br/></p><p><br/></p><p><br/></p><p><br/></p><p><br/></p><p><br/></p><p><br/></p><p><b></b><i></i><u></u><br/></p></span></div>"|https://www.gumtree.pl/a-mieszkania-i-domy-sprzedam-i-kupie/jozefow/budynek+uslugowo-mieszkalny/1001965216590910471159309
19|"<span class=""myAdTitle"">klimatyczne mieszkanie po genaralnym remoncie w kamienicy </span>"|"<div class=""description"" data-phone-mask=""false""><span class=""pre"" style=""font-family: inherit; white-space: pre-wrap;""><p>klimatyczne mieszkanie w kamienicy 3 piętro z 4 bez windy,<br/><br/>po generalnym remoncie (wymienione instalacje elektryczne i wodne)<br/><br/>ciche słoneczne gotowe do zamieszkania. Czynsz ok 400 zł.<br/><br/>pełna własność możliwość kupna na kredyt<br/><br/>doskonała lokalizacja 3 parki w okolicy<br/><br/>szybki dojazd co centrum 12 min tramwajem<br/><br/>planowana stacja metra ( rozszerzenie 2 linii )<br/><br/>szkoły, przedszkola, żłobki w okolicy liczne sklepy, bazarki<br/><br/>zapraszam serdecznie do kontaktu 7 dni w tygodniu( 9-22 )</p></span></div>"|https://www.gumtree.pl/a-mieszkania-i-domy-sprzedam-i-kupie/praga-poludnie/klimatyczne-mieszkanie-po-genaralnym-remoncie-w-kamienicy/10010658643581013010744209
20|"<span class=""myAdTitle"">Bezpośrednio sprzedam kawalerkę 28 m2, piwnica, balkon, cisza i piękny widok na Warszawę   </span>"|"<div class=""description"" data-phone-mask=""false""><span class=""pre"" style=""font-family: inherit; white-space: pre-wrap;""><p>Na sprzedaż 1-pokojowe mieszkanie 27,6 m2 z oddzielną kuchnią i balkonem przy ul. Reymonta, usytuowane na 10 piętrze w 10-piętrowym budynku z 1972 roku, położonym na Osiedlu Piaski w dzielnicy Bielany.

Blisko do przystanków komunikacji miejskiej ""Reymonta"" przy skrzyżowaniu z Broniewskiego, skąd jest bardzo dobra i szybka komunikacja tramwajowa ze Śródmieściem. Tak samo blisko do przystanków ""Conrada"". Budynek położony wewnątrz osiedla, w mieszkaniu nie słychać żadnego hałasu z ulicy.

Pokój 18 m2, kuchnia 4 m2, łazienka 3 m2 (aktualnie z wanną) i przedpokój 3 m2.

Mieszkanie jest w dobrym stanie nadającym się do dalszego użytkowania po odświeżeniu, jednak jest to standard wykończenia sprzed wielu lat. Pamiętajmy jednak, że wewnątrz można zawsze wszystko zmienić teraz lub z czasem, zależnie od potrzeb, upodobań, zasobności portfela, a na to, co za oknem, nie mamy wpływu, więc na to, czego nie zmienimy za żadne pieniądze, czyli na otoczenie, widok z okna, hałas, stan budynku itp... warto zwrócić zdecydowanie większą uwagę.

Okna wymienione, plastikowe. Na podłodze ładny parkiet. W kuchni i łazience płytki.
Piony wymienione.
Jest piwnica.

Mieszkanie ma duży potencjał do własnej aranżacji, można w łatwy sposób połączyć kuchnię z pokojem, uzyskując w ten sposób tzw. studio - otwartą przestrzeń o powierzchni 22 m2 z oknami na całej ścianie na wprost wejścia i z wyjściem na balkon.

Mieszkanie ma ekspozycję wschodnią z lekkim odchyleniem na południe. Jest dobrze doświetlone, jasne, ale zaletą jest brak popołudniowego słońca, które potrafi być uciążliwe.

Budynek wybudowany w 1972 roku w technologii Rama-H jest w bardzo dobrym stanie - wejścia, klatki, windy i balkony wyremontowane lub wymienione. Budynek ocieplony, w związku z czym mieszkanie jest dobrze izolowane od warunków zewnętrznych. Budynek objęty monitoringiem. Wyjście z budynku na dwie strony, oba wejścia zabezpieczone przez dobrze działające domofony. Na piętrze domofon przy nowych drzwiach prowadzących do 6 mieszkań (zamykany korytarz).

Naprawdę niski czynsz: cała eksploatacja z funduszem remontowym 128 zł, niewielka zaliczka na ogrzewanie 49 zł, opłata za wodę w zależności od zużycia, opłata za wywóz śmieci w zryczałtowanej kwocie 85 zł. Całość miesięcznych opłat czynszowych, wraz z mediami, powinna zmieścić się poniżej 399 zł.

Mieszkanie spółdzielcze własnościowe bez żadnych obciążeń, bez księgi wieczystej, ale też bez przeciwskazań do jej założenia - grunty uregulowane, są własnością spółdzielni i mają księgę wieczystą, więc kredyt na zakup mieszkania jest jak najbardziej możliwy. Osiedle ""Piaski C"" sprawnie zarządzane przez Spółdzielnię Mieszkaniową Piaski C z siedzibą przy ul. Reymonta 12.

Cicha, spokojna okolica, wokół budynków bardzo dużo zieleni i przestrzeni.
Blisko do Lidla i Biedronki, jednak żadne sklepy nie generują ruchu pod budynkiem, jest spokojnie i cicho.

Mieszkanie, ze względu na poszukiwaną przez najemców lokalizację, dobry dojazd i niewielki metraż oraz balkon, jest świetną inwestycją pod wynajem.

Sprzedaż bez pośrednictwa, agencjom dziękuję - proszę powstrzymać się od kontaktu. </p></span></div>"|https://www.gumtree.pl/a-mieszkania-i-domy-sprzedam-i-kupie/bielany/bezposrednio-sprzedam-kawalerke-28-m2-piwnica-balkon-cisza-i-piekny-widok-na-warszawe/10010659186991012984711509
21|"<span class=""myAdTitle"">Bezpośrednio Kamienica Śródmieście Hoża 39 / 57m/ 2 pok. 1911r.  </span>"|"<div class=""description"" data-phone-mask=""false""><span class=""pre"" style=""font-family: inherit; white-space: pre-wrap;""><p>BEZPOŚREDNIO, ciche, mieszkanie na pierwszym piętrze w pięknej<br/>przedwojennej kamienicy o bogatym wystroju architektonicznym, z 1911<br/>roku na ul Hożej 39 (tuż przy ul. Poznańskiej). Mieszkanie znajduje się<br/>w oficynie dzięki czemu jest zupełnie ciche. W skład mieszkania wchodzą:<br/>salon (23 m2), kuchnia (10 m2), sypialnia (14 m2), przedpokój (7, m2),<br/>łazienka (3 m2). Możliwość przearanżowania na salon z aneksem kuchennym<br/>oraz możliwość powiększenia łazienki. Sypialnia duża z miejscem na<br/>garderobę lub duże szafy. Zachowane piękne dwuskrzydłowe drzwi do<br/>sypialni z możliwością renowacji. Mieszkanie do generalnego remontu.<br/>Okna wychodzą na dziedziniec na stronę północną. Wysokość mieszkania<br/>3,40 m.<br/><br/>Pełna własność. Czynsz 480 zł. Zapraszam do oglądania.</p></span></div>"|https://www.gumtree.pl/a-mieszkania-i-domy-sprzedam-i-kupie/srodmiescie/bezposrednio-kamienica-srodmiescie-hoza-39-57m-2-pok-1911r/10010416620651011485811009
22|"<span class=""myAdTitle"">MIESZKANIE 120 M2 Z OPEN SPACE W BLOKU PEREŁCE DESIGNU-POLIGONOWA-GOCŁAW-PRAGA-BIURO/LOKAL </span>"|"<div class=""description"" data-phone-mask=""false""><span class=""pre"" style=""font-family: inherit; white-space: pre-wrap;""><p>Sprzedam bezpośrednio 4-pokojowe mieszkanie znajdujące się na pierwszym piętrze w bloku - perełce designu lat 2000 – przy ulicy Poligonowej w Warszawie (Gocław, Praga Południe). Mieszkanie jest przestronne, urządzone w klasycznym stylu, więc nowy właściciel bez problemu będzie mógł zaaranżować je według własnych potrzeb. Atutem lokalu jest duża ilość okien zapewniająca dostęp do światła dziennego (od południa, wschodu i zachodu) oraz przestrzeń salonu typu open space. Okna wychodzą na stronę podwórza i ulicy.  Do tej pory lokal funkcjonował jako biuro, dlatego jest on dobrze wyposażony jeśli chodzi o dostęp do internetu/sieci telefonicznej, posiada klimatyzację oraz serwerownię.</p><p><br/></p><p><b>OPIS MIESZKANIA:</b></p><p><br/></p><p>W skład mieszkania wchodzą: </p><p><br/></p><p>- 3 pokoje zamknięte (wyposażone m.in. w biurka, krzesła, szafy i regały)</p><p>- 1 pokój otwarty – salon – typu open space połączony z kuchnią i jadalnią</p><p>- 2 przedpokoje z dwiema szafami, kuchnia z wyspą (wyposażona m.in. w zmywarkę, lodówkę, mikrofalówkę, kuchenkę indukcyjną, piekarnik)</p><p>- 2 łazienki (całkowicie wyposażone w armaturę łazienkową, jedna łazienka z wanną, a druga z prysznicem)</p><p>- zabudowaną część balkonu z przeznaczeniem na ogród zimowy/strefę wypoczynku chill zone/magazyn - ok. 20 m2</p><p>- mały balkon francuski</p><p><br/></p><p>Istnieje możliwość zakupu mieszkania razem z meblami, cena do negocjacji.</p><p><br/></p><p>W bloku znajduje się:</p><p>- winda</p><p>- domofon</p><p>- portiernia (zlokalizowana w sąsiedniej klatce)</p><p><br/></p><p><b>GARAŻ:</b></p><p>Do mieszkania przynależy miejsce parkingowe w garażu na poziomie -1 w tym samym bloku –  garaż płatny dodatkowo 50 000 zł. Przed blokiem znajduje się również ogólnodostępny parking.</p><p><br/></p><p><br/></p><p><b>PRZEZNACZENIE LOKALU:</b></p><p>Oferowany lokal bardzo dobrze sprawdzi się nie tylko jako mieszkanie, ale także jako biuro, agencja, gabinet kosmetyczny lub medycyny estetycznej, salon fryzjerski, szkoła językowa lub innego rodzaju przestrzeń usługowa.</p><p>MIESZKANIE TO STANIE SIĘ TWOIM NOWYM DOMEM, BIUREM LUB BĘDZIE STANOWIĆ ŚWIETNĄ INWESTYCJĘ.</p><p><br/></p><p><br/></p><p><b>DODATKOWE INFORMACJE:</b></p><p>- piętro: 1</p><p>- powierzchnia użytkowa 100 m2 + ok. 20 m2 ogród zimowy </p><p>- czynsz – ok. 1000 zł </p><p>- opłaty – w zależności od zużycia i przeznaczenia lokalu na mieszkanie/biuro/lokal usługowy lub inne</p><p><br/></p><p><b>OKOLICA:</b></p><p>- lokal znajduje się w spokojnej okolicy, a blok monitoruje ochrona mieszcząca się na partnerze budynku </p><p>- mieszkanie jest dobrze zlokalizowane z dogodnym dojazdem do centrum Warszawy</p><p>- w okolicy znajduje się wiele przystanków autobusowych, bloki wielorodzinne, osiedlowe sklepy i dyskonty (np.: Lidl, Żabka, Api Market, Top Market), piekarnie, cukiernie, restauracje, poczta, siłownia, szkoły i przedszkola oraz inne punkty usługowe np. apteka, punkt foto i salon fryzjerski (na parterze budynku)</p><p>- w bliskiej odległości także Park Balaton i Centrum Handlowe Atrium Promenada.</p><p><br/></p><p><b>MIESZKANIE WŁASNOŚCIOWE, BEZPOŚREDNIO OD WŁAŚCICIELA, GOTOWE DO ZAMIESZKANIA!</b></p><p>Z własnością tego lokalu związany jest także udział w części w nieruchomości wspólnej.</p><p><br/></p><p><b>Agentów nieruchomości zapraszam do kontaktu tylko z klientami zainteresowanymi kupnem tego mieszkania!</b></p><p><br/></p><p>Zapraszam do umawiania wizyt i oglądania mieszkania od 14.02.2022. </p><p>tel. 601 41 89 41</p></span></div>"|https://www.gumtree.pl/a-mieszkania-i-domy-sprzedam-i-kupie/praga-poludnie/mieszkanie-120-m2-z-open-space-w-bloku-perelce-designu+poligonowa+goclaw+praga+biuro-lokal/10010549841541013000526609
